filename,width,height,class,xmin,ymin,xmax,ymax
stand-fan 1.jpg,171,295,standing fan,1,1,135,295
stand-fan 10.jpg,225,225,standing fan,70,1,156,225
stand-fan 11.jpg,225,225,standing fan,67,6,160,219
stand-fan 12.jpg,225,225,standing fan,42,15,183,204
stand-fan 13.jpg,225,225,standing fan,20,52,66,171
stand-fan 13.jpg,225,225,standing fan,69,54,110,161
stand-fan 13.jpg,225,225,standing fan,114,53,155,162
stand-fan 13.jpg,225,225,standing fan,156,51,202,173
stand-fan 14.jpg,197,256,standing fan,58,7,155,236
stand-fan 15.jpg,310,163,standing fan,76,23,122,145
stand-fan 16.jpg,259,194,standing fan,61,5,158,189
stand-fan 17.jpg,160,315,standing fan,40,1,136,311
stand-fan 19.jpg,194,259,standing fan,38,1,178,253
stand-fan 20.jpg,223,226,standing fan,54,7,122,212
stand-fan 20.jpg,223,226,standing fan,114,117,181,196
stand-fan 21.jpg,271,350,standing fan,77,18,188,332
stand-fan 22.jpg,474,700,standing fan,1,1,326,695
stand-fan 3.jpg,522,509,standing fan,46,1,377,508
stand-fan 3.jpg,522,509,standing fan,396,119,520,501
stand-fan 5.jpg,175,289,standing fan,5,1,170,285
stand-fan 6.jpg,225,225,standing fan,104,22,186,215
stand-fan 7.jpg,310,163,standing fan,42,5,99,154
stand-fan 7.jpg,310,163,standing fan,170,8,290,163
stand-fan 8.jpg,290,174,standing fan,104,19,176,174
stand-fan 9.jpg,225,225,standing fan,23,20,131,223
