<annotation>
	<folder>standing fan images</folder>
	<filename>stand-fan 10.jpg</filename>
	<path>C:\Users\dammy -pc\Downloads\Standing fan\standing fan images\stand-fan 10.jpg</path>
	<source>
		<database>Unknown</database>
	</source>
	<size>
		<width>225</width>
		<height>225</height>
		<depth>3</depth>
	</size>
	<segmented>0</segmented>
	<object>
		<name>standing fan</name>
		<pose>Unspecified</pose>
		<truncated>1</truncated>
		<difficult>0</difficult>
		<bndbox>
			<xmin>70</xmin>
			<ymin>1</ymin>
			<xmax>156</xmax>
			<ymax>225</ymax>
		</bndbox>
	</object>
</annotation>
