<annotation>
	<folder>standing fan images</folder>
	<filename>stand-fan 13.jpg</filename>
	<path>C:\Users\dammy -pc\Downloads\Standing fan\standing fan images\stand-fan 13.jpg</path>
	<source>
		<database>Unknown</database>
	</source>
	<size>
		<width>225</width>
		<height>225</height>
		<depth>3</depth>
	</size>
	<segmented>0</segmented>
	<object>
		<name>standing fan</name>
		<pose>Unspecified</pose>
		<truncated>0</truncated>
		<difficult>0</difficult>
		<bndbox>
			<xmin>20</xmin>
			<ymin>52</ymin>
			<xmax>66</xmax>
			<ymax>171</ymax>
		</bndbox>
	</object>
	<object>
		<name>standing fan</name>
		<pose>Unspecified</pose>
		<truncated>0</truncated>
		<difficult>0</difficult>
		<bndbox>
			<xmin>69</xmin>
			<ymin>54</ymin>
			<xmax>110</xmax>
			<ymax>161</ymax>
		</bndbox>
	</object>
	<object>
		<name>standing fan</name>
		<pose>Unspecified</pose>
		<truncated>0</truncated>
		<difficult>0</difficult>
		<bndbox>
			<xmin>114</xmin>
			<ymin>53</ymin>
			<xmax>155</xmax>
			<ymax>162</ymax>
		</bndbox>
	</object>
	<object>
		<name>standing fan</name>
		<pose>Unspecified</pose>
		<truncated>0</truncated>
		<difficult>0</difficult>
		<bndbox>
			<xmin>156</xmin>
			<ymin>51</ymin>
			<xmax>202</xmax>
			<ymax>173</ymax>
		</bndbox>
	</object>
</annotation>
