<annotation>
	<folder>standing fan images</folder>
	<filename>stand-fan 3.jpg</filename>
	<path>C:\Users\dammy -pc\Downloads\Standing fan\standing fan images\stand-fan 3.jpg</path>
	<source>
		<database>Unknown</database>
	</source>
	<size>
		<width>522</width>
		<height>509</height>
		<depth>3</depth>
	</size>
	<segmented>0</segmented>
	<object>
		<name>standing fan</name>
		<pose>Unspecified</pose>
		<truncated>1</truncated>
		<difficult>0</difficult>
		<bndbox>
			<xmin>46</xmin>
			<ymin>1</ymin>
			<xmax>377</xmax>
			<ymax>508</ymax>
		</bndbox>
	</object>
	<object>
		<name>standing fan</name>
		<pose>Unspecified</pose>
		<truncated>0</truncated>
		<difficult>0</difficult>
		<bndbox>
			<xmin>396</xmin>
			<ymin>119</ymin>
			<xmax>520</xmax>
			<ymax>501</ymax>
		</bndbox>
	</object>
</annotation>
