<annotation>
	<folder>standing fan images</folder>
	<filename>stand-fan 2.jpg</filename>
	<path>C:\Users\dammy -pc\Downloads\Standing fan\standing fan images\stand-fan 2.jpg</path>
	<source>
		<database>Unknown</database>
	</source>
	<size>
		<width>631</width>
		<height>599</height>
		<depth>3</depth>
	</size>
	<segmented>0</segmented>
	<object>
		<name>standing fan</name>
		<pose>Unspecified</pose>
		<truncated>0</truncated>
		<difficult>0</difficult>
		<bndbox>
			<xmin>19</xmin>
			<ymin>56</ymin>
			<xmax>269</xmax>
			<ymax>586</ymax>
		</bndbox>
	</object>
	<object>
		<name>standing fan</name>
		<pose>Unspecified</pose>
		<truncated>0</truncated>
		<difficult>0</difficult>
		<bndbox>
			<xmin>380</xmin>
			<ymin>2</ymin>
			<xmax>605</xmax>
			<ymax>592</ymax>
		</bndbox>
	</object>
</annotation>
