<annotation>
	<folder>standing fan images</folder>
	<filename>stand-fan 19.jpg</filename>
	<path>C:\Users\dammy -pc\Downloads\Standing fan\standing fan images\stand-fan 19.jpg</path>
	<source>
		<database>Unknown</database>
	</source>
	<size>
		<width>194</width>
		<height>259</height>
		<depth>3</depth>
	</size>
	<segmented>0</segmented>
	<object>
		<name>standing fan</name>
		<pose>Unspecified</pose>
		<truncated>1</truncated>
		<difficult>0</difficult>
		<bndbox>
			<xmin>38</xmin>
			<ymin>1</ymin>
			<xmax>178</xmax>
			<ymax>253</ymax>
		</bndbox>
	</object>
</annotation>
