<annotation>
	<folder>standing fan images</folder>
	<filename>stand-fan 12.jpg</filename>
	<path>C:\Users\dammy -pc\Downloads\Standing fan\standing fan images\stand-fan 12.jpg</path>
	<source>
		<database>Unknown</database>
	</source>
	<size>
		<width>225</width>
		<height>225</height>
		<depth>1</depth>
	</size>
	<segmented>0</segmented>
	<object>
		<name>standing fan</name>
		<pose>Unspecified</pose>
		<truncated>0</truncated>
		<difficult>0</difficult>
		<bndbox>
			<xmin>42</xmin>
			<ymin>15</ymin>
			<xmax>183</xmax>
			<ymax>204</ymax>
		</bndbox>
	</object>
</annotation>
