<annotation>
	<folder>standing fan images</folder>
	<filename>stand-fan 20.jpg</filename>
	<path>C:\Users\dammy -pc\Downloads\Standing fan\standing fan images\stand-fan 20.jpg</path>
	<source>
		<database>Unknown</database>
	</source>
	<size>
		<width>223</width>
		<height>226</height>
		<depth>3</depth>
	</size>
	<segmented>0</segmented>
	<object>
		<name>standing fan</name>
		<pose>Unspecified</pose>
		<truncated>0</truncated>
		<difficult>0</difficult>
		<bndbox>
			<xmin>54</xmin>
			<ymin>7</ymin>
			<xmax>122</xmax>
			<ymax>212</ymax>
		</bndbox>
	</object>
	<object>
		<name>standing fan</name>
		<pose>Unspecified</pose>
		<truncated>0</truncated>
		<difficult>0</difficult>
		<bndbox>
			<xmin>114</xmin>
			<ymin>117</ymin>
			<xmax>181</xmax>
			<ymax>196</ymax>
		</bndbox>
	</object>
</annotation>
